sha,committer_timestamp_utc,date_asia_shanghai,url
de2fa74601ec56c77c3c09a8e5f6553d349453e0,2026-10-07T15:10:39Z,2026-10-07,https://github.com/docker/docker-agent/commit/de2fa74601ec56c77c3c09a8e5f6553d349453e0
77f820594bbac9d1cda59deca36d495c6f367812,2026-10-07T14:55:14Z,2026-10-07,https://github.com/docker/docker-agent/commit/77f820594bbac9d1cda59deca36d495c6f367812
816f77951be2e066fb1ac0064b42918b88bb3e1b,2026-10-07T14:44:07Z,2026-10-07,https://github.com/docker/docker-agent/commit/816f77951be2e066fb1ac0064b42918b88bb3e1b
cac7fcaaac09a7bf12f3347a0f16c0cfbd8557fe,2026-10-07T14:43:56Z,2026-10-07,https://github.com/docker/docker-agent/commit/cac7fcaaac09a7bf12f3347a0f16c0cfbd8557fe
b37eba065783797f70a7c5369149fe17f5819948,2026-10-07T14:43:27Z,2026-10-07,https://github.com/docker/docker-agent/commit/b37eba065783797f70a7c5369149fe17f5819948
1fdf85f09ceed2e252510b5a1e54941ef6bb8821,2026-10-07T14:31:16Z,2026-10-07,https://github.com/docker/docker-agent/commit/1fdf85f09ceed2e252510b5a1e54941ef6bb8821
97b1aa2625a86475a392dee3b396844a4dbdc064,2026-10-07T13:55:54Z,2026-10-07,https://github.com/docker/docker-agent/commit/97b1aa2625a86475a392dee3b396844a4dbdc064
8378f13506c6d0c0398c1e75cf6cf24da69c3a0f,2026-10-07T12:32:30Z,2026-10-07,https://github.com/docker/docker-agent/commit/8378f13506c6d0c0398c1e75cf6cf24da69c3a0f
bf4169cdd31229d52385410c52c3dcc59b497858,2026-10-07T12:27:38Z,2026-10-07,https://github.com/docker/docker-agent/commit/bf4169cdd31229d52385410c52c3dcc59b497858
3d9f3b1b5f05c8e5e6ce5e11153e979a344fe9ac,2026-10-07T12:11:51Z,2026-10-07,https://github.com/docker/docker-agent/commit/3d9f3b1b5f05c8e5e6ce5e11153e979a344fe9ac
3726dec7c5900c936e2954e92179247827177bff,2026-10-07T12:10:18Z,2026-10-07,https://github.com/docker/docker-agent/commit/3726dec7c5900c936e2954e92179247827177bff
af03ff01d6dd6f6986651880c191f3e77ca72f0e,2026-10-07T11:51:52Z,2026-10-07,https://github.com/docker/docker-agent/commit/af03ff01d6dd6f6986651880c191f3e77ca72f0e
42579a7e95476923f7ebd3fedd1e619ddc775595,2026-10-07T11:39:21Z,2026-10-07,https://github.com/docker/docker-agent/commit/42579a7e95476923f7ebd3fedd1e619ddc775595
b0fbd462b38f1415d00f21b38ebc6791f5991031,2026-10-07T11:37:06Z,2026-10-07,https://github.com/docker/docker-agent/commit/b0fbd462b38f1415d00f21b38ebc6791f5991031
c119a8950857c78d497f47095b64524a607b4003,2026-10-07T11:07:11Z,2026-10-07,https://github.com/docker/docker-agent/commit/c119a8950857c78d497f47095b64524a607b4003
576289e31136f4faaa894bbfbdbb025150a85675,2026-10-07T10:43:54Z,2026-10-07,https://github.com/docker/docker-agent/commit/576289e31136f4faaa894bbfbdbb025150a85675
0b240a1c2cb59094db094967ab2fa18fa06297de,2026-10-07T10:36:48Z,2026-10-07,https://github.com/docker/docker-agent/commit/0b240a1c2cb59094db094967ab2fa18fa06297de
50d783f1c1111f465488333d2f5ab29b43c86374,2026-10-07T10:36:02Z,2026-10-07,https://github.com/docker/docker-agent/commit/50d783f1c1111f465488333d2f5ab29b43c86374
1c8db436b783b9b576840b3c6b043123b91b39fc,2026-10-07T10:14:54Z,2026-10-07,https://github.com/docker/docker-agent/commit/1c8db436b783b9b576840b3c6b043123b91b39fc
e00eda79fe9f61b921e09b1b73ee96564233b270,2026-10-07T09:40:55Z,2026-10-07,https://github.com/docker/docker-agent/commit/e00eda79fe9f61b921e09b1b73ee96564233b270
0be7276d058336477170d1f676064cf621d1e327,2026-10-07T09:35:34Z,2026-10-07,https://github.com/docker/docker-agent/commit/0be7276d058336477170d1f676064cf621d1e327
79e8175b7de0444216d010bccf47bbed326030e2,2026-10-07T09:26:25Z,2026-10-07,https://github.com/docker/docker-agent/commit/79e8175b7de0444216d010bccf47bbed326030e2
f111a9ab4d93a06eb73e3b4db6ac4802915bb3ec,2026-10-07T09:19:10Z,2026-10-07,https://github.com/docker/docker-agent/commit/f111a9ab4d93a06eb73e3b4db6ac4802915bb3ec
c880d4a05b82e9eb19258dedcb8a63e2695c5968,2026-10-07T09:10:51Z,2026-10-07,https://github.com/docker/docker-agent/commit/c880d4a05b82e9eb19258dedcb8a63e2695c5968
17d90a11b2d9d88869a57a3ee23d65cf4bdb1515,2026-10-07T09:03:32Z,2026-10-07,https://github.com/docker/docker-agent/commit/17d90a11b2d9d88869a57a3ee23d65cf4bdb1515
07a3a4a739fb75e62bb2b02ad4e3f352b77c67ba,2026-10-07T09:03:00Z,2026-10-07,https://github.com/docker/docker-agent/commit/07a3a4a739fb75e62bb2b02ad4e3f352b77c67ba
41836e3c6f480a8b79330d7d9fc00d27fc357d8f,2026-10-07T08:53:00Z,2026-10-07,https://github.com/docker/docker-agent/commit/41836e3c6f480a8b79330d7d9fc00d27fc357d8f
b1e2a69e2385abe3022c34e96c813faea54b0ff9,2026-10-07T08:43:29Z,2026-10-07,https://github.com/docker/docker-agent/commit/b1e2a69e2385abe3022c34e96c813faea54b0ff9
c8b708cae542f845c76be9a68c2d02e00f829386,2026-10-07T08:43:18Z,2026-10-07,https://github.com/docker/docker-agent/commit/c8b708cae542f845c76be9a68c2d02e00f829386
f70650dacd4bd8ec648690711b3eacd9143abbad,2026-10-07T08:42:57Z,2026-10-07,https://github.com/docker/docker-agent/commit/f70650dacd4bd8ec648690711b3eacd9143abbad
8e81df5f797911fec8f8d411bf336b463b5ab584,2026-10-07T08:30:07Z,2026-10-07,https://github.com/docker/docker-agent/commit/8e81df5f797911fec8f8d411bf336b463b5ab584
ceb461233ea6431fb582aa0043e311c2d0b225a7,2026-10-07T07:50:48Z,2026-10-07,https://github.com/docker/docker-agent/commit/ceb461233ea6431fb582aa0043e311c2d0b225a7
5f7f0487393891acd1eb55cd422f3f695421c1cf,2026-10-06T13:42:38Z,2026-10-06,https://github.com/docker/docker-agent/commit/5f7f0487393891acd1eb55cd422f3f695421c1cf
99fece268be5b2f4870a15566554226bd676d906,2026-10-06T13:26:33Z,2026-10-06,https://github.com/docker/docker-agent/commit/99fece268be5b2f4870a15566554226bd676d906
c6258fcbfbb38c136b4298206cc25fba241400bf,2026-10-06T11:42:50Z,2026-10-06,https://github.com/docker/docker-agent/commit/c6258fcbfbb38c136b4298206cc25fba241400bf
c649e400df28561e624c1ac84b679ac5725581de,2026-10-06T11:40:40Z,2026-10-06,https://github.com/docker/docker-agent/commit/c649e400df28561e624c1ac84b679ac5725581de
a00a38f4a14d9a411593720f3adef3d6c890d8bb,2026-10-06T09:33:37Z,2026-10-06,https://github.com/docker/docker-agent/commit/a00a38f4a14d9a411593720f3adef3d6c890d8bb
a01b9102d5d2e0433430caa3f6959fd28abe2efd,2026-10-06T09:30:58Z,2026-10-06,https://github.com/docker/docker-agent/commit/a01b9102d5d2e0433430caa3f6959fd28abe2efd
0af7dd62612207e324b4799ace6d7363aa025895,2026-10-06T08:57:57Z,2026-10-06,https://github.com/docker/docker-agent/commit/0af7dd62612207e324b4799ace6d7363aa025895
285698023342389523089b3a36171eb88fb8dc40,2026-10-06T07:38:12Z,2026-10-06,https://github.com/docker/docker-agent/commit/285698023342389523089b3a36171eb88fb8dc40
8be27bd83574465e60fa5f2eb7d16bda3a37c3ac,2026-10-06T07:38:00Z,2026-10-06,https://github.com/docker/docker-agent/commit/8be27bd83574465e60fa5f2eb7d16bda3a37c3ac
1263c5ad8a48a025598a970833722889a588b31e,2026-10-05T15:56:04Z,2026-10-05,https://github.com/docker/docker-agent/commit/1263c5ad8a48a025598a970833722889a588b31e
fe8254dcf01b48fe6ad5122371e9c8d16b96c5f5,2026-10-05T15:46:21Z,2026-10-05,https://github.com/docker/docker-agent/commit/fe8254dcf01b48fe6ad5122371e9c8d16b96c5f5
54cea981dfc521617ae81e598b8235df5803b6ae,2026-10-05T12:06:11Z,2026-10-05,https://github.com/docker/docker-agent/commit/54cea981dfc521617ae81e598b8235df5803b6ae
0b53e1cef9294db2ec797e22da6ee07ef08eb21e,2026-10-05T11:59:10Z,2026-10-05,https://github.com/docker/docker-agent/commit/0b53e1cef9294db2ec797e22da6ee07ef08eb21e
6bf72739c8ff55613d45a418515f68cf7d1ef73a,2026-10-05T11:03:50Z,2026-10-05,https://github.com/docker/docker-agent/commit/6bf72739c8ff55613d45a418515f68cf7d1ef73a
f5f39fc5b22ffe06a5b64397c96a5e83751becc7,2026-10-05T10:22:34Z,2026-10-05,https://github.com/docker/docker-agent/commit/f5f39fc5b22ffe06a5b64397c96a5e83751becc7
fbe388f409f973a66d8738fe237aff266c96d7f6,2026-10-05T10:15:38Z,2026-10-05,https://github.com/docker/docker-agent/commit/fbe388f409f973a66d8738fe237aff266c96d7f6
c145f64efc0e78a36c1b5ac7ff99551135c5a81f,2026-10-05T10:15:01Z,2026-10-05,https://github.com/docker/docker-agent/commit/c145f64efc0e78a36c1b5ac7ff99551135c5a81f
19438be34f8a68ec4f4c08efcaf0f53a9fcd8576,2026-10-05T10:14:45Z,2026-10-05,https://github.com/docker/docker-agent/commit/19438be34f8a68ec4f4c08efcaf0f53a9fcd8576
8df8d950775bbe160e35d52c62e8377cadd36b41,2026-10-05T09:36:18Z,2026-10-05,https://github.com/docker/docker-agent/commit/8df8d950775bbe160e35d52c62e8377cadd36b41
7238db150c1f589f6138d15478688ff9d67f109a,2026-10-05T09:29:58Z,2026-10-05,https://github.com/docker/docker-agent/commit/7238db150c1f589f6138d15478688ff9d67f109a
42b8a1c72275c4747563a40c9deb5a45b62bb775,2026-10-05T09:22:20Z,2026-10-05,https://github.com/docker/docker-agent/commit/42b8a1c72275c4747563a40c9deb5a45b62bb775
54ef9f8245dea9e295276d4f5e132586ff8163d8,2026-10-05T09:11:44Z,2026-10-05,https://github.com/docker/docker-agent/commit/54ef9f8245dea9e295276d4f5e132586ff8163d8
13a8b50676b663ed7a5c75a06aebcb61ddcbe086,2026-10-05T09:06:27Z,2026-10-05,https://github.com/docker/docker-agent/commit/13a8b50676b663ed7a5c75a06aebcb61ddcbe086
df389ba218077271901632bf20b0e0ec940ce684,2026-10-05T08:55:46Z,2026-10-05,https://github.com/docker/docker-agent/commit/df389ba218077271901632bf20b0e0ec940ce684
044b98ecb04c8167c784f1ab93e5b31715d89070,2026-10-05T08:47:51Z,2026-10-05,https://github.com/docker/docker-agent/commit/044b98ecb04c8167c784f1ab93e5b31715d89070
213ed7491746165e2666a051c6e66168ddd37e86,2026-10-05T08:47:41Z,2026-10-05,https://github.com/docker/docker-agent/commit/213ed7491746165e2666a051c6e66168ddd37e86
c272f1b4ad91026fa0743c85a056b67b38b62cfe,2026-10-05T08:46:41Z,2026-10-05,https://github.com/docker/docker-agent/commit/c272f1b4ad91026fa0743c85a056b67b38b62cfe
31df2759632374c48de07579c92b93ebeda17de1,2026-10-05T08:39:28Z,2026-10-05,https://github.com/docker/docker-agent/commit/31df2759632374c48de07579c92b93ebeda17de1
e235955631467f71a8b51e4b1384bbaaf9996c04,2026-10-05T08:39:24Z,2026-10-05,https://github.com/docker/docker-agent/commit/e235955631467f71a8b51e4b1384bbaaf9996c04
cd71c3dab9f698c2ff3b5afa653d9be235e36810,2026-10-05T08:21:28Z,2026-10-05,https://github.com/docker/docker-agent/commit/cd71c3dab9f698c2ff3b5afa653d9be235e36810
98bedcf5d909a680a96a90ef99ff38c117034ef0,2026-10-05T07:58:19Z,2026-10-05,https://github.com/docker/docker-agent/commit/98bedcf5d909a680a96a90ef99ff38c117034ef0
8350bb46e1ffe6ae2ff4f8bc5e8ac354569d3f7d,2026-10-05T07:39:26Z,2026-10-05,https://github.com/docker/docker-agent/commit/8350bb46e1ffe6ae2ff4f8bc5e8ac354569d3f7d
44246f3faf7793ab66b0d25663fa1074dc38a776,2026-10-05T07:39:23Z,2026-10-05,https://github.com/docker/docker-agent/commit/44246f3faf7793ab66b0d25663fa1074dc38a776
1d1de7b7f4781eb76bc54d44c443286760b008f0,2026-10-05T07:21:08Z,2026-10-05,https://github.com/docker/docker-agent/commit/1d1de7b7f4781eb76bc54d44c443286760b008f0
44ed5e77e8c0fb8838c532d23a317afcad56ebd8,2026-10-05T06:41:32Z,2026-10-05,https://github.com/docker/docker-agent/commit/44ed5e77e8c0fb8838c532d23a317afcad56ebd8
75f7923ce8bbceaf34d2f31ff02744171711bf80,2026-10-05T04:50:42Z,2026-10-05,https://github.com/docker/docker-agent/commit/75f7923ce8bbceaf34d2f31ff02744171711bf80
e1350d025c209cf5ec005e17a3ac0e15511941af,2026-10-05T04:01:09Z,2026-10-05,https://github.com/docker/docker-agent/commit/e1350d025c209cf5ec005e17a3ac0e15511941af
edc683cff0c62175c9cfad13d55e17f73eb8963a,2026-10-04T22:28:44Z,2026-10-05,https://github.com/docker/docker-agent/commit/edc683cff0c62175c9cfad13d55e17f73eb8963a
137f9042283bb474724f3ca67cb27dd8d4f8fe0a,2026-10-04T16:48:25Z,2026-10-05,https://github.com/docker/docker-agent/commit/137f9042283bb474724f3ca67cb27dd8d4f8fe0a
2b2d59897a78896700f1a6f4c0ac90787c208fcb,2026-10-04T16:47:11Z,2026-10-05,https://github.com/docker/docker-agent/commit/2b2d59897a78896700f1a6f4c0ac90787c208fcb
6bf57a6c5dd7857796aac93e8ea4823eb9259b8b,2026-10-04T16:46:40Z,2026-10-05,https://github.com/docker/docker-agent/commit/6bf57a6c5dd7857796aac93e8ea4823eb9259b8b
4b88120d5d5007ecab5cefffbde9ff28202cc11e,2026-10-04T16:31:13Z,2026-10-05,https://github.com/docker/docker-agent/commit/4b88120d5d5007ecab5cefffbde9ff28202cc11e
49c9c7273170949b4e8d9f67c75be8ab06e681b4,2026-10-04T16:19:18Z,2026-10-05,https://github.com/docker/docker-agent/commit/49c9c7273170949b4e8d9f67c75be8ab06e681b4
f2c8671000fbdeedbee5fb6b4ba7d43974bc459c,2026-10-04T16:07:35Z,2026-10-05,https://github.com/docker/docker-agent/commit/f2c8671000fbdeedbee5fb6b4ba7d43974bc459c
229756f3b8448a26e834d19b0999c17018546830,2026-10-04T15:28:38Z,2026-10-04,https://github.com/docker/docker-agent/commit/229756f3b8448a26e834d19b0999c17018546830
6276c6b9f6d5bf2f5cc4f9de3da364873a41dbc9,2026-10-04T14:04:46Z,2026-10-04,https://github.com/docker/docker-agent/commit/6276c6b9f6d5bf2f5cc4f9de3da364873a41dbc9
c5d423d081292e2ec74f53dff3b9a7140ea185ca,2026-10-03T04:03:26Z,2026-10-03,https://github.com/docker/docker-agent/commit/c5d423d081292e2ec74f53dff3b9a7140ea185ca
00de18db7f0e1a1faabc73e31146cabb7a82935e,2026-10-02T21:24:56Z,2026-10-03,https://github.com/docker/docker-agent/commit/00de18db7f0e1a1faabc73e31146cabb7a82935e
5517a597150afefa6e0d441f1d9893db4ed712ad,2026-10-02T10:57:59Z,2026-10-02,https://github.com/docker/docker-agent/commit/5517a597150afefa6e0d441f1d9893db4ed712ad
9ecdba17ad3a4ff538c063e83c3a7629fc36f097,2026-10-02T09:49:05Z,2026-10-02,https://github.com/docker/docker-agent/commit/9ecdba17ad3a4ff538c063e83c3a7629fc36f097
9794bb6bcabd7ca4aea4e44c010ce8e1f09b40ef,2026-10-02T09:41:01Z,2026-10-02,https://github.com/docker/docker-agent/commit/9794bb6bcabd7ca4aea4e44c010ce8e1f09b40ef
a7bfb6dc39363d441a0c8ea811f8eb61bb0c57e3,2026-10-02T09:33:13Z,2026-10-02,https://github.com/docker/docker-agent/commit/a7bfb6dc39363d441a0c8ea811f8eb61bb0c57e3
594a2c07c34ebfdb1ee16bbdf82b2ffe3db6c54b,2026-10-02T09:15:38Z,2026-10-02,https://github.com/docker/docker-agent/commit/594a2c07c34ebfdb1ee16bbdf82b2ffe3db6c54b
f6ba646ca455a00f3d6aa4a2a4203d94c9164a8d,2026-10-02T06:40:04Z,2026-10-02,https://github.com/docker/docker-agent/commit/f6ba646ca455a00f3d6aa4a2a4203d94c9164a8d
e60295ea959e6bd600bef93b002577ef76c63460,2026-10-01T21:28:50Z,2026-10-02,https://github.com/docker/docker-agent/commit/e60295ea959e6bd600bef93b002577ef76c63460
b6156957c5f6d8c7dd75eebe035eb0fcf68b6df6,2026-10-01T16:01:16Z,2026-10-02,https://github.com/docker/docker-agent/commit/b6156957c5f6d8c7dd75eebe035eb0fcf68b6df6
7fa1d0f0101961cc75297b74e8e959eb433c6fb7,2026-10-01T15:53:55Z,2026-10-01,https://github.com/docker/docker-agent/commit/7fa1d0f0101961cc75297b74e8e959eb433c6fb7
3c501095ca4ca5476b4a04dc73540f39810bf015,2026-10-01T15:47:32Z,2026-10-01,https://github.com/docker/docker-agent/commit/3c501095ca4ca5476b4a04dc73540f39810bf015
7c52d245ced412587988d93c0fc2dca1c9bd6327,2026-10-01T15:37:29Z,2026-10-01,https://github.com/docker/docker-agent/commit/7c52d245ced412587988d93c0fc2dca1c9bd6327
134f8dd61298f5724aff619d9fe62646f6760d58,2026-10-01T15:19:17Z,2026-10-01,https://github.com/docker/docker-agent/commit/134f8dd61298f5724aff619d9fe62646f6760d58
e3e1a790bcc102f35675c18a0ffe42f33770fc0b,2026-10-01T15:14:36Z,2026-10-01,https://github.com/docker/docker-agent/commit/e3e1a790bcc102f35675c18a0ffe42f33770fc0b
a7236a618a5c04f2ab82c6476bb2f3cf34e1bf80,2026-10-01T14:32:28Z,2026-10-01,https://github.com/docker/docker-agent/commit/a7236a618a5c04f2ab82c6476bb2f3cf34e1bf80
7303a68a67e7b0add41ba8e14e390a46c53d68a4,2026-10-01T13:53:32Z,2026-10-01,https://github.com/docker/docker-agent/commit/7303a68a67e7b0add41ba8e14e390a46c53d68a4
9eb3205a6e2fd3f1de64f26cad99b6d3ff85f8c4,2026-10-01T13:43:57Z,2026-10-01,https://github.com/docker/docker-agent/commit/9eb3205a6e2fd3f1de64f26cad99b6d3ff85f8c4
a0b548430cb5d39b1a3ca82b3946f8f7d103db3c,2026-10-01T13:43:57Z,2026-10-01,https://github.com/docker/docker-agent/commit/a0b548430cb5d39b1a3ca82b3946f8f7d103db3c
0d13d096fa2f044f86251a7440fcf339706db72b,2026-10-01T13:43:56Z,2026-10-01,https://github.com/docker/docker-agent/commit/0d13d096fa2f044f86251a7440fcf339706db72b
9f00a17e0589dbfab645e9fda04a6698cc414f7f,2026-10-01T13:43:56Z,2026-10-01,https://github.com/docker/docker-agent/commit/9f00a17e0589dbfab645e9fda04a6698cc414f7f
55ab6b2b01cea5a65d0aeebf45e417769ff41765,2026-10-01T13:37:10Z,2026-10-01,https://github.com/docker/docker-agent/commit/55ab6b2b01cea5a65d0aeebf45e417769ff41765
3f285a9b568e4c079975e6459e6f56206d3e1cca,2026-10-01T11:27:19Z,2026-10-01,https://github.com/docker/docker-agent/commit/3f285a9b568e4c079975e6459e6f56206d3e1cca
e9d408568612b0364785292eb662909402f2ff27,2026-10-01T11:27:13Z,2026-10-01,https://github.com/docker/docker-agent/commit/e9d408568612b0364785292eb662909402f2ff27
9e5d60f61249975d90b64e7863b9e59cfb27176c,2026-10-01T10:05:16Z,2026-10-01,https://github.com/docker/docker-agent/commit/9e5d60f61249975d90b64e7863b9e59cfb27176c
7e82e0e1eee6b031cd86a81396a2c5b25ad160a5,2026-10-01T09:36:40Z,2026-10-01,https://github.com/docker/docker-agent/commit/7e82e0e1eee6b031cd86a81396a2c5b25ad160a5
540261aa05aacd6f31022250588a5a3ba60fdee3,2026-10-01T09:36:31Z,2026-10-01,https://github.com/docker/docker-agent/commit/540261aa05aacd6f31022250588a5a3ba60fdee3
a886ca9274f0f92322a9bd95a30753e8f1ef218c,2026-10-01T09:36:20Z,2026-10-01,https://github.com/docker/docker-agent/commit/a886ca9274f0f92322a9bd95a30753e8f1ef218c
a5a67add9be48045eeeb65cec89e291f33355458,2026-10-01T09:36:08Z,2026-10-01,https://github.com/docker/docker-agent/commit/a5a67add9be48045eeeb65cec89e291f33355458
82d514968d6b819e0f785c56a159dc550d0d11d0,2026-10-01T09:35:59Z,2026-10-01,https://github.com/docker/docker-agent/commit/82d514968d6b819e0f785c56a159dc550d0d11d0
e588f069e5a2caa36140071f591075dba38c281d,2026-10-01T09:35:43Z,2026-10-01,https://github.com/docker/docker-agent/commit/e588f069e5a2caa36140071f591075dba38c281d
b938331de64c269c0768db7f57df0071310e42e2,2026-10-01T09:35:31Z,2026-10-01,https://github.com/docker/docker-agent/commit/b938331de64c269c0768db7f57df0071310e42e2
ea540e9f0126a46617807ded43e6fc63a461c628,2026-10-01T09:35:23Z,2026-10-01,https://github.com/docker/docker-agent/commit/ea540e9f0126a46617807ded43e6fc63a461c628
1c3a08b3815eb20213e3bd1b887de13dd053beb3,2026-10-01T08:29:48Z,2026-10-01,https://github.com/docker/docker-agent/commit/1c3a08b3815eb20213e3bd1b887de13dd053beb3
11f568a29cfd065eb7f885d7f893c8d538823cae,2026-10-01T08:24:21Z,2026-10-01,https://github.com/docker/docker-agent/commit/11f568a29cfd065eb7f885d7f893c8d538823cae
967131349e0ae618bc513815c8560b62e0c0c977,2026-10-01T08:24:03Z,2026-10-01,https://github.com/docker/docker-agent/commit/967131349e0ae618bc513815c8560b62e0c0c977
53073332fa714fe369774bcf35ee373e08480fcc,2026-10-01T08:16:07Z,2026-10-01,https://github.com/docker/docker-agent/commit/53073332fa714fe369774bcf35ee373e08480fcc
20388da7b5a43b6510f18aa6680b50aa5f67d52c,2026-10-01T08:15:44Z,2026-10-01,https://github.com/docker/docker-agent/commit/20388da7b5a43b6510f18aa6680b50aa5f67d52c
255fdb15f7787593a3f792125d780c884e3e20f9,2026-10-01T08:00:34Z,2026-10-01,https://github.com/docker/docker-agent/commit/255fdb15f7787593a3f792125d780c884e3e20f9
437cbc4d9bf81ff0204db4a83bd26137830aa227,2026-10-01T07:50:43Z,2026-10-01,https://github.com/docker/docker-agent/commit/437cbc4d9bf81ff0204db4a83bd26137830aa227
a0c57fcd2bb85efaec41ef4f2d4269a705746ec9,2026-10-01T07:18:22Z,2026-10-01,https://github.com/docker/docker-agent/commit/a0c57fcd2bb85efaec41ef4f2d4269a705746ec9
4d6d5c69f541c6a16cf3f01047495de64dc5dd13,2026-10-01T04:02:24Z,2026-10-01,https://github.com/docker/docker-agent/commit/4d6d5c69f541c6a16cf3f01047495de64dc5dd13
